name,title,level,facing,categories,description,detail,remediation,metadata,cache_key
policy_exists_rls_disabled,Policy Exists RLS Disabled,ERROR,EXTERNAL,"[""SECURITY""]","Detects cases where row level security (RLS) policies have been created, but RLS has not been enabled for the underlying table.","Table \`public.chat_conversations\` has RLS policies but RLS is not enabled on the table. Policies include {""Users can create conversations"",""Users can view conversations they're part of""}.",https://supabase.com/docs/guides/database/database-linter?lint=0007_policy_exists_rls_disabled,"{""name"":""chat_conversations"",""type"":""table"",""schema"":""public""}",policy_exists_rls_disabled_public_chat_conversations
policy_exists_rls_disabled,Policy Exists RLS Disabled,ERROR,EXTERNAL,"[""SECURITY""]","Detects cases where row level security (RLS) policies have been created, but RLS has not been enabled for the underlying table.","Table \`public.chat_participants\` has RLS policies but RLS is not enabled on the table. Policies include {""Simple access policy""}.",https://supabase.com/docs/guides/database/database-linter?lint=0007_policy_exists_rls_disabled,"{""name"":""chat_participants"",""type"":""table"",""schema"":""public""}",policy_exists_rls_disabled_public_chat_participants
security_definer_view,Security Definer View,ERROR,EXTERNAL,"[""SECURITY""]","Detects views defined with the SECURITY DEFINER property. These views enforce Postgres permissions and row level security policies (RLS) of the view creator, rather than that of the querying user",View \`public.group_posts_with_users\` is defined with the SECURITY DEFINER property,https://supabase.com/docs/guides/database/database-linter?lint=0010_security_definer_view,"{""name"":""group_posts_with_users"",""type"":""view"",""schema"":""public""}",security_definer_view_public_group_posts_with_users
security_definer_view,Security Definer View,ERROR,EXTERNAL,"[""SECURITY""]","Detects views defined with the SECURITY DEFINER property. These views enforce Postgres permissions and row level security policies (RLS) of the view creator, rather than that of the querying user",View \`public.friendships_with_profiles\` is defined with the SECURITY DEFINER property,https://supabase.com/docs/guides/database/database-linter?lint=0010_security_definer_view,"{""name"":""friendships_with_profiles"",""type"":""view"",""schema"":""public""}",security_definer_view_public_friendships_with_profiles
security_definer_view,Security Definer View,ERROR,EXTERNAL,"[""SECURITY""]","Detects views defined with the SECURITY DEFINER property. These views enforce Postgres permissions and row level security policies (RLS) of the view creator, rather than that of the querying user",View \`public.provider_financial_summary\` is defined with the SECURITY DEFINER property,https://supabase.com/docs/guides/database/database-linter?lint=0010_security_definer_view,"{""name"":""provider_financial_summary"",""type"":""view"",""schema"":""public""}",security_definer_view_public_provider_financial_summary
security_definer_view,Security Definer View,ERROR,EXTERNAL,"[""SECURITY""]","Detects views defined with the SECURITY DEFINER property. These views enforce Postgres permissions and row level security policies (RLS) of the view creator, rather than that of the querying user",View \`public.user_favorites_detailed\` is defined with the SECURITY DEFINER property,https://supabase.com/docs/guides/database/database-linter?lint=0010_security_definer_view,"{""name"":""user_favorites_detailed"",""type"":""view"",""schema"":""public""}",security_definer_view_public_user_favorites_detailed
security_definer_view,Security Definer View,ERROR,EXTERNAL,"[""SECURITY""]","Detects views defined with the SECURITY DEFINER property. These views enforce Postgres permissions and row level security policies (RLS) of the view creator, rather than that of the querying user",View \`public.housing_listings_with_groups\` is defined with the SECURITY DEFINER property,https://supabase.com/docs/guides/database/database-linter?lint=0010_security_definer_view,"{""name"":""housing_listings_with_groups"",""type"":""view"",""schema"":""public""}",security_definer_view_public_housing_listings_with_groups
security_definer_view,Security Definer View,ERROR,EXTERNAL,"[""SECURITY""]","Detects views defined with the SECURITY DEFINER property. These views enforce Postgres permissions and row level security policies (RLS) of the view creator, rather than that of the querying user",View \`public.bookings_with_details\` is defined with the SECURITY DEFINER property,https://supabase.com/docs/guides/database/database-linter?lint=0010_security_definer_view,"{""name"":""bookings_with_details"",""type"":""view"",""schema"":""public""}",security_definer_view_public_bookings_with_details
security_definer_view,Security Definer View,ERROR,EXTERNAL,"[""SECURITY""]","Detects views defined with the SECURITY DEFINER property. These views enforce Postgres permissions and row level security policies (RLS) of the view creator, rather than that of the querying user",View \`public.group_events_with_details\` is defined with the SECURITY DEFINER property,https://supabase.com/docs/guides/database/database-linter?lint=0010_security_definer_view,"{""name"":""group_events_with_details"",""type"":""view"",""schema"":""public""}",security_definer_view_public_group_events_with_details
security_definer_view,Security Definer View,ERROR,EXTERNAL,"[""SECURITY""]","Detects views defined with the SECURITY DEFINER property. These views enforce Postgres permissions and row level security policies (RLS) of the view creator, rather than that of the querying user",View \`public.housing_groups_with_members\` is defined with the SECURITY DEFINER property,https://supabase.com/docs/guides/database/database-linter?lint=0010_security_definer_view,"{""name"":""housing_groups_with_members"",""type"":""view"",""schema"":""public""}",security_definer_view_public_housing_groups_with_members
security_definer_view,Security Definer View,ERROR,EXTERNAL,"[""SECURITY""]","Detects views defined with the SECURITY DEFINER property. These views enforce Postgres permissions and row level security policies (RLS) of the view creator, rather than that of the querying user",View \`public.posts_with_users\` is defined with the SECURITY DEFINER property,https://supabase.com/docs/guides/database/database-linter?lint=0010_security_definer_view,"{""name"":""posts_with_users"",""type"":""view"",""schema"":""public""}",security_definer_view_public_posts_with_users
rls_disabled_in_public,RLS Disabled in Public,ERROR,EXTERNAL,"[""SECURITY""]",Detects cases where row level security (RLS) has not been enabled on tables in schemas exposed to PostgREST,"Table \`public.housing_listing_views\` is public, but RLS has not been enabled.",https://supabase.com/docs/guides/database/database-linter?lint=0013_rls_disabled_in_public,"{""name"":""housing_listing_views"",""type"":""table"",""schema"":""public""}",rls_disabled_in_public_public_housing_listing_views
rls_disabled_in_public,RLS Disabled in Public,ERROR,EXTERNAL,"[""SECURITY""]",Detects cases where row level security (RLS) has not been enabled on tables in schemas exposed to PostgREST,"Table \`public.badge_definitions\` is public, but RLS has not been enabled.",https://supabase.com/docs/guides/database/database-linter?lint=0013_rls_disabled_in_public,"{""name"":""badge_definitions"",""type"":""table"",""schema"":""public""}",rls_disabled_in_public_public_badge_definitions
rls_disabled_in_public,RLS Disabled in Public,ERROR,EXTERNAL,"[""SECURITY""]",Detects cases where row level security (RLS) has not been enabled on tables in schemas exposed to PostgREST,"Table \`public.user_points\` is public, but RLS has not been enabled.",https://supabase.com/docs/guides/database/database-linter?lint=0013_rls_disabled_in_public,"{""name"":""user_points"",""type"":""table"",""schema"":""public""}",rls_disabled_in_public_public_user_points
rls_disabled_in_public,RLS Disabled in Public,ERROR,EXTERNAL,"[""SECURITY""]",Detects cases where row level security (RLS) has not been enabled on tables in schemas exposed to PostgREST,"Table \`public.point_transactions\` is public, but RLS has not been enabled.",https://supabase.com/docs/guides/database/database-linter?lint=0013_rls_disabled_in_public,"{""name"":""point_transactions"",""type"":""table"",""schema"":""public""}",rls_disabled_in_public_public_point_transactions
rls_disabled_in_public,RLS Disabled in Public,ERROR,EXTERNAL,"[""SECURITY""]",Detects cases where row level security (RLS) has not been enabled on tables in schemas exposed to PostgREST,"Table \`public.user_achievements\` is public, but RLS has not been enabled.",https://supabase.com/docs/guides/database/database-linter?lint=0013_rls_disabled_in_public,"{""name"":""user_achievements"",""type"":""table"",""schema"":""public""}",rls_disabled_in_public_public_user_achievements
rls_disabled_in_public,RLS Disabled in Public,ERROR,EXTERNAL,"[""SECURITY""]",Detects cases where row level security (RLS) has not been enabled on tables in schemas exposed to PostgREST,"Table \`public.spatial_ref_sys\` is public, but RLS has not been enabled.",https://supabase.com/docs/guides/database/database-linter?lint=0013_rls_disabled_in_public,"{""name"":""spatial_ref_sys"",""type"":""table"",""schema"":""public""}",rls_disabled_in_public_public_spatial_ref_sys
rls_disabled_in_public,RLS Disabled in Public,ERROR,EXTERNAL,"[""SECURITY""]",Detects cases where row level security (RLS) has not been enabled on tables in schemas exposed to PostgREST,"Table \`public.chat_conversations\` is public, but RLS has not been enabled.",https://supabase.com/docs/guides/database/database-linter?lint=0013_rls_disabled_in_public,"{""name"":""chat_conversations"",""type"":""table"",""schema"":""public""}",rls_disabled_in_public_public_chat_conversations
rls_disabled_in_public,RLS Disabled in Public,ERROR,EXTERNAL,"[""SECURITY""]",Detects cases where row level security (RLS) has not been enabled on tables in schemas exposed to PostgREST,"Table \`public.chat_participants\` is public, but RLS has not been enabled.",https://supabase.com/docs/guides/database/database-linter?lint=0013_rls_disabled_in_public,"{""name"":""chat_participants"",""type"":""table"",""schema"":""public""}",rls_disabled_in_public_public_chat_participants
rls_disabled_in_public,RLS Disabled in Public,ERROR,EXTERNAL,"[""SECURITY""]",Detects cases where row level security (RLS) has not been enabled on tables in schemas exposed to PostgREST,"Table \`public.shared_items\` is public, but RLS has not been enabled.",https://supabase.com/docs/guides/database/database-linter?lint=0013_rls_disabled_in_public,"{""name"":""shared_items"",""type"":""table"",""schema"":""public""}",rls_disabled_in_public_public_shared_items
rls_disabled_in_public,RLS Disabled in Public,ERROR,EXTERNAL,"[""SECURITY""]",Detects cases where row level security (RLS) has not been enabled on tables in schemas exposed to PostgREST,"Table \`public.group_settings\` is public, but RLS has not been enabled.",https://supabase.com/docs/guides/database/database-linter?lint=0013_rls_disabled_in_public,"{""name"":""group_settings"",""type"":""table"",""schema"":""public""}",rls_disabled_in_public_public_group_settings
rls_disabled_in_public,RLS Disabled in Public,ERROR,EXTERNAL,"[""SECURITY""]",Detects cases where row level security (RLS) has not been enabled on tables in schemas exposed to PostgREST,"Table \`public.achievement_types\` is public, but RLS has not been enabled.",https://supabase.com/docs/guides/database/database-linter?lint=0013_rls_disabled_in_public,"{""name"":""achievement_types"",""type"":""table"",""schema"":""public""}",rls_disabled_in_public_public_achievement_types